{
  "map_name": "Brakkesh",
  "game_num": "2",
  "view_num": 2,
  "frame_range": [
    35453,
    39128
  ],
  "duration": "1:01",
  "duration_seconds": 61.3,
  "viewport": {
    "map": {
      "x": 1008,
      "y": 112,
      "w": 854,
      "h": 852
    },
    "game": {
      "x": 40,
      "y": 258,
      "w": 998,
      "h": 559
    }
  },
  "ref_crop_region": {
    "x": 820,
    "y": 282,
    "w": 528,
    "h": 527
  },
  "homography": [
    [
      0.6195418974523231,
      0.002160864150029333,
      820.85177222054
    ],
    [
      0.00021007848922649665,
      0.6194519085272164,
      282.66317154328914
    ],
    [
      9.015936570333305e-07,
      1.6589245317433348e-06,
      0.9999999999999999
    ]
  ],
  "frames_saved": {
    "map": 1838,
    "game": 1838
  },
  "frame_skip": 2,
  "fps": 59.93611193207618
}